Index,Error_Value
27,0.352032
125,0.32061285
222,0.36163858
320,0.31463802
417,0.34867686
515,0.31846532
612,0.3602151
807,0.35766885
905,0.32215083
1002,0.37047836
1199,0.3616331
1297,0.318116
1394,0.36373043
1492,0.31599668
1589,0.3620735
1687,0.31716
1784,0.36799824
1882,0.3126143
1979,0.34779367
2077,0.316411
2174,0.36495274
2272,0.32114494
2369,0.36668882
2467,0.3293928
2564,0.35351062
2662,0.31349576
2857,0.32785714
2954,0.36287355
3054,0.31921503
3541,0.33802688
4651,0.4003189
4846,0.37737206
4928,0.32345408
5043,0.3704438
5125,0.3159758
5358,0.3327483
5515,0.3310045
5628,0.3876117
6176,0.3151026
6566,0.33249944
6723,0.32436952
6910,0.32599905
6958,0.31637523
6999,0.31915283
7153,0.3200578
7857,0.34997833
7926,0.3476996
7970,0.31461808
8285,0.3219702
8675,0.3452014
8713,0.3381128
8717,0.31700486
8754,0.3279679
9029,0.34002134
9177,0.3212051
9213,0.3280403
9310,0.31164286
9505,0.31097996
9506,0.3148153
9603,0.3245119
9731,0.31989935
9762,0.31852508
9802,0.32217756
9847,0.31057242
9895,0.33140785
10055,0.3430932
10073,0.35013005
10080,0.33055082
10090,0.34270632
10094,0.33521706
10112,0.3414482
10181,0.31720838
10285,0.32838282
10326,0.32405692
10376,0.3181834
10480,0.34103498
10675,0.31796855
10676,0.31711197
10872,0.31616586
11067,0.32358387
11165,0.31309682
11262,0.31858948
11263,0.33744046
11457,0.31206366
11555,0.33736765
11652,0.33686423
11750,0.32758084
11847,0.3373885
11945,0.33811128
12042,0.33464074
12140,0.3339782
12141,0.32066813
12199,0.31337127
12237,0.33622697
12335,0.33768466
12337,0.33194867
12385,0.31182292
12423,0.3275405
12432,0.33306697
12530,0.33922368
12627,0.33560017
12725,0.3316682
12727,0.31804767
12824,0.33592537
12860,0.32665446
12898,0.3154222
12922,0.32782018
12962,0.31303814
13019,0.3468788
13117,0.3234011
13211,0.39896262
13406,0.41776544
13432,0.37863475
13501,0.3438802
13507,0.3260731
13540,0.3836541
13562,0.31694043
13578,0.32938296
13601,0.41403455
13617,0.3375885
13657,0.35335484
13702,0.32788765
13796,0.40364885
13991,0.4033827
14186,0.40062627
14287,0.31584257
14359,0.3700337
14381,0.4119609
14438,0.33901605
14482,0.31927893
14576,0.4062172
14593,0.31229138
14672,0.33479235
14677,0.32227573
14712,0.33439264
14798,0.31550148
14869,0.33686477
14968,0.40049812
14980,0.31714067
15069,0.3155824
15163,0.40629414
15175,0.3444641
15215,0.35628793
15264,0.35899085
15293,0.32803333
15358,0.4031401
15370,0.3732809
15410,0.3524114
15449,0.32326922
15459,0.31257996
15488,0.36647832
15553,0.41280878
15565,0.32154945
15644,0.3168794
15654,0.32016924
15748,0.39986923
15800,0.31861168
15849,0.32734236
15878,0.3676705
15943,0.40456775
15998,0.33991268
16138,0.4194891
16333,0.41826752
16434,0.31430224
16528,0.4306436
16628,0.360558
16698,0.3691122
16725,0.40983456
16920,0.40977347
17006,0.3153916
17020,0.3484791
17115,0.40636647
17215,0.33406872
17310,0.40245333
17410,0.3248308
17416,0.32460138
17423,0.41128042
17499,0.378308
17505,0.41264135
17540,0.38016316
17578,0.35384482
17605,0.3269654
17656,0.33222517
17694,0.32491323
17700,0.407248
17735,0.34807882
17806,0.3175366
17851,0.38992307
17889,0.34330717
17895,0.41303748
17903,0.3299318
17930,0.33914834
18059,0.34352636
18090,0.4002677
18190,0.32732856
18285,0.40828457
18299,0.3268269
18466,0.3281287
18480,0.3874837
18487,0.3684099
18677,0.4040537
18685,0.35245466
18777,0.32170975
18802,0.35912973
18875,0.31174356
19070,0.31214502
19362,0.32816038
19457,0.41336697
19557,0.3157865
19752,0.33301613
19947,0.33225024
20142,0.3290457
20240,0.31120822
20337,0.33253372
20532,0.3371708
20632,0.311072
20729,0.35221684
20924,0.34465796
21119,0.31426394
21314,0.31281668
21509,0.31736252
21704,0.31478757
21802,0.3675064
21899,0.3158228
21997,0.3533881
22094,0.32709134
22192,0.35127962
22260,0.31883138
22345,0.31190035
22387,0.3474029
22476,0.33754328
22584,0.3657594
22614,0.3109925
22779,0.3543751
22974,0.3520764
23169,0.3488172
23364,0.3491983
23559,0.36852977
23948,0.33255988
26484,0.33249873
26877,0.33462217
26953,0.32685181
30586,0.3211712
30740,0.33882388
30819,0.31060722
30990,0.36987916
31380,0.31389928
31562,0.340907
31575,0.31311068
31757,0.33149746
31952,0.35390064
31965,0.35170758
32147,0.3270737
32161,0.3130468
32344,0.34743023
32358,0.3272439
32360,0.33142877
32381,0.34007055
32419,0.33619878
32441,0.320506
32459,0.33698055
32497,0.34496102
32636,0.32337454
32734,0.33614442
32831,0.312022
32935,0.3158464
33124,0.31866643
33221,0.3210276
33325,0.31377283
33416,0.31370378
33715,0.31977153
33806,0.31262165
33910,0.31081712
34001,0.3120147
34105,0.31943113
34196,0.32023838
34595,0.3148011
34692,0.3165665
34790,0.31024417
35082,0.31829175
35180,0.31276262
35375,0.31054297
35570,0.32092202
35765,0.3247137
35896,0.31397313
35960,0.31024313
36057,0.31862813
36155,0.31602108
36352,0.3239558
36443,0.3105138
36521,0.43331128
36547,0.31328514
36561,0.36058837
36599,0.40657902
36637,0.35614207
36678,0.42434165
36716,0.3957445
36742,0.3168964
36839,0.3478286
36873,0.38526374
36911,0.4398648
36951,0.39085194
36989,0.3803913
37027,0.37137872
37106,0.32319212
37146,0.31669733
37222,0.35203907
37327,0.31692773
37424,0.33324665
37536,0.40217245
37574,0.40130946
37612,0.41573188
37619,0.31330448
37814,0.34339675
37819,0.37383023
37824,0.32222044
37912,0.31056672
37937,0.3111061
38009,0.34490928
38093,0.31232685
38156,0.31518912
38172,0.33080956
38206,0.32700545
38291,0.3393831
38311,0.3584666
38333,0.3289788
38371,0.32341868
38387,0.36994016
38398,0.3973223
38419,0.3129836
38486,0.32052585
38604,0.31363046
38720,0.3354303
38723,0.33379227
38746,0.3166649
38758,0.33473027
38761,0.398283
38775,0.31221843
38788,0.39615983
38799,0.37756014
38837,0.35178387
38876,0.38134813
38972,0.3141785
38994,0.3224875
39013,0.32517412
39032,0.34534287
39373,0.37887868
39500,0.31816527
39568,0.38764808
39617,0.35848075
39641,0.32615343
39669,0.32193968
39675,0.33077085
39695,0.3999023
39713,0.3410826
39719,0.3484638
39733,0.3384672
39737,0.3703892
39763,0.40976608
39774,0.36593828
39792,0.33663005
39798,0.34594786
39812,0.35397565
39816,0.35061657
39851,0.38610527
39876,0.32947743
39890,0.33164868
39908,0.3403167
39914,0.33244994
39952,0.32966727
39958,0.39636725
39969,0.32569078
39987,0.3336437
39993,0.32548705
40046,0.33159962
40078,0.36359474
40088,0.3867811
40105,0.31706965
40111,0.31256756
40155,0.39258888
40167,0.35456866
40350,0.39463395
40362,0.3219074
40400,0.3401433
40439,0.32933322
40478,0.33356008
40545,0.39879525
40557,0.31387234
40634,0.31259283
40673,0.3247649
40740,0.3840849
40935,0.4337158
41014,0.31355768
41036,0.31700277
41130,0.3861723
41325,0.40832967
41520,0.42616302
41715,0.40284595
41910,0.4005938
42010,0.3439156
42107,0.4154005
42207,0.31748563
42302,0.40024433
42402,0.31807175
42497,0.41031343
42588,0.31993127
42692,0.38866454
42706,0.34829023
42744,0.3545962
42783,0.3220408
42887,0.39721262
42939,0.3262727
42978,0.32086286
43377,0.32297173
43603,0.3340451
44549,0.3337607
44644,0.4130062
44744,0.33202556
44939,0.35427696
45134,0.3341335
45329,0.3382784
45524,0.33041432
45719,0.33267355
45914,0.32753477
46014,0.33211473
46065,0.32792222
46104,0.31856078
46111,0.3347458
46143,0.3229606
46181,0.31176525
46299,0.32049456
46306,0.33493316
46494,0.37623358
46501,0.32531616
46571,0.32364368
46612,0.3356221
46650,0.31270227
46689,0.36811325
46696,0.34411046
46766,0.3568794
46884,0.37343034
46891,0.33474293
46961,0.33495504
46990,0.31848058
47002,0.33244354
47040,0.3313514
47079,0.31027678
47086,0.3342127
47185,0.34628406
47281,0.32752666
47380,0.3294632
47476,0.33541587
47575,0.32408756
47587,0.33219817
47664,0.3118122
47671,0.32334894
47770,0.34056556
47859,0.31528458
47900,0.31436753
47938,0.3481048
47967,0.32987034
47979,0.3500058
48056,0.32438487
48062,0.31624296
48081,0.34440678
48095,0.31624806
48133,0.3376484
48162,0.32783806
48212,0.32003608
48259,0.3456509
48328,0.3222386
48357,0.36181828
48369,0.33806676
48446,0.3162805
48454,0.34053484
48485,0.3275492
48523,0.35042027
48554,0.32091835
48564,0.3187759
48660,0.31882823
48749,0.3152909
48942,0.3333921
49139,0.32213905
49334,0.3149984
49529,0.33976176
49724,0.32872468
49914,0.31192324
49955,0.3106202
50116,0.33802435
50150,0.31297323
50311,0.3341359
50506,0.37469444
53234,0.3803689
53429,0.38522518
53624,0.38356498
54016,0.39055958
54212,0.4267825
54602,0.43784115
54797,0.4118663
54992,0.4298291
55187,0.35732567
55385,0.3230609
55577,0.36263305
55676,0.3222706
55774,0.36251652
55969,0.36994874
56157,0.31587118
56164,0.36206767
56311,0.31209838
56359,0.37012652
56554,0.35829854
56944,0.38074943
57237,0.3505008
57528,0.3345628
57628,0.31593907
58076,0.33190766
58272,0.3136905
58312,0.3107944
58351,0.33321846
58429,0.3166769
59306,0.33541778
60300,0.31180337
60302,0.38590023
60320,0.31804344
60340,0.3892856
60380,0.42041004
60418,0.40392545
60458,0.45547473
60497,0.4271884
60535,0.38955867
60575,0.32428184
60653,0.31986544
60824,0.32625902
60925,0.3573513
60965,0.35853174
61003,0.3261564
61043,0.32502076
61099,0.32587174
61176,0.3645343
61432,0.3145466
61473,0.32156622
62289,0.32188967
62367,0.3424943
64091,0.32466984
64614,0.31410682
65148,0.40953687
65232,0.31950086
65388,0.33630288
65433,0.32925305
65435,0.32952732
65468,0.34290853
65540,0.4089522
65585,0.31498292
65663,0.37366277
65701,0.33887568
65735,0.40316686
65787,0.32778117
65819,0.31609344
65930,0.40872213
65975,0.33187968
66125,0.4088473
66139,0.33678502
66320,0.4077939
66713,0.33594772
67029,0.35199326
67091,0.34158304
67103,0.3117318
67168,0.31437346
67495,0.31646433
67546,0.32727242
67690,0.32196352
67785,0.31446847
67885,0.3245446
67937,0.3335311
68275,0.31955516
68370,0.32601082
68565,0.3109537
68760,0.32079983
69224,0.34713486
69249,0.31020522
69250,0.31456354
69288,0.3146626
69347,0.316424
69447,0.34431046
69601,0.3204272
69641,0.31633973
69642,0.31496376
69735,0.32341427
69812,0.35767376
69891,0.36884716
69969,0.3272169
70007,0.33016446
70032,0.32734907
70048,0.35972664
70086,0.36409342
70125,0.36033866
70202,0.38967353
70227,0.3365765
70303,0.31107065
70343,0.3112136
70422,0.3493786
70617,0.33516967
70712,0.3405332
70812,0.33991748
70907,0.3187664
71007,0.34815148
71102,0.31346136
71202,0.33312133
71299,0.32466862
71399,0.34609792
71494,0.32390463
71594,0.33972332
71689,0.3297548
71789,0.35450515
71826,0.35887983
71884,0.31525338
71942,0.33596754
71984,0.34805816
72021,0.32746455
72059,0.3543703
72079,0.3235718
72098,0.3936641
72137,0.39238986
72177,0.38268042
72179,0.32151192
72216,0.34585643
72254,0.35274494
72274,0.31670758
72294,0.36036938
72332,0.35375348
72333,0.31977668
72372,0.38496974
72373,0.32746363
72374,0.32591793
72411,0.35633296
72412,0.31256783
72449,0.34240797
72469,0.33408242
72489,0.34340897
72567,0.3480134
72569,0.32538012
72664,0.32538375
72722,0.38085583
72764,0.32484016
72801,0.31275246
72839,0.31863084
72859,0.3353921
72879,0.3126862
72917,0.316237
72959,0.3201159
72996,0.31392434
73034,0.32745662
73054,0.33903936
73112,0.3239192
73154,0.32633665
73191,0.31104192
73229,0.31074584
73251,0.33556184
73271,0.31501043
73309,0.32144335
73349,0.31242836
73351,0.33020237
73388,0.3107083
73426,0.32066673
73446,0.34182352
73504,0.3348316
73544,0.3116252
73546,0.32630345
73641,0.31917116
73661,0.3205897
73699,0.34492812
73739,0.3264675
73741,0.3234286
73778,0.31412545
73816,0.3293449
73936,0.32315308
74011,0.32343206
74130,0.33015865
74716,0.31698358
74910,0.31223404
75105,0.3489072
75302,0.32459086
75497,0.33010048
75692,0.32904264
75887,0.31169143
76472,0.3380134
76780,0.3200114
77255,0.40904817
77450,0.38913238
77619,0.33127695
77645,0.39840668
77814,0.34850216
80572,0.31378102
80736,0.31721255
80962,0.32783124
81518,0.32629612
81713,0.31734145
81938,0.31256324
82015,0.32271525
82055,0.3106136
83031,0.34087732
83109,0.35170913
83304,0.35747483
83459,0.334923
83538,0.33794993
83616,0.3701477
84470,0.32044038
84938,0.38666296
85813,0.36057243
86114,0.3147817
89566,0.33451164
89604,0.3501068
89682,0.35151264
89722,0.3530482
89761,0.34366897
90148,0.36043045
90151,0.41740036
90189,0.36295244
90267,0.32827055
90381,0.31618193
90420,0.3124564
90459,0.32730195
90607,0.3393499
90694,0.3495112
90733,0.31969687
90771,0.32413536
90825,0.32623604
90843,0.31254968
91086,0.34706128
91117,0.39505437
91194,0.3370531
91202,0.32791826
91428,0.3398778
91458,0.3336243
91506,0.32843617
91584,0.32853886
91653,0.32669586
91732,0.3328215
91754,0.320151
92378,0.31506985
92417,0.32343236
92877,0.311707
93040,0.32036477
93145,0.33245385
94337,0.31370118
94437,0.31415904
94632,0.3125598
95067,0.35599756
95314,0.311578
95609,0.31592923
95999,0.31451988
96289,0.3107894
96973,0.32090643
97012,0.32010567
97050,0.35764712
97090,0.352873
97128,0.34265554
97168,0.3300093
97207,0.32552165
97323,0.32867342
97363,0.32314146
97514,0.313329
97518,0.3254243
98341,0.3101847
98493,0.3116117
98608,0.32289243
98885,0.31575975
98929,0.3333018
99275,0.3201451
99319,0.34834528
99414,0.38486862
99514,0.33659238
99610,0.31736958
99709,0.34315762
100168,0.31089178
101660,0.3166378
101855,0.31698692
102050,0.3261101
102440,0.31088233
102732,0.32807183
102927,0.31331274
103122,0.31880987
103707,0.3451104
103902,0.31404018
104343,0.3467439
104540,0.3726721
104684,0.31163424
104735,0.36152276
104930,0.36375424
106891,0.3478185
106968,0.37172052
107006,0.34901384
107046,0.35850218
107086,0.34563556
107338,0.3326256
108161,0.31025457
108347,0.45695475
108787,0.31112388
109372,0.31510162
110331,0.31796706
110349,0.31140506
110371,0.31839246
110471,0.33505565
110623,0.31789324
110676,0.3302443
110744,0.31223777
110754,0.32612956
110795,0.31070423
110949,0.3135756
110989,0.3164477
111144,0.31391528
111268,0.32769477
111285,0.32276282
111299,0.31531194
111306,0.32163998
111536,0.32481515
111559,0.32327735
111871,0.33234358
111910,0.33404872
112000,0.3163087
112184,0.3363351
112195,0.35120118
112223,0.3270143
112314,0.3164382
112354,0.32660997
112431,0.33170977
112497,0.3345503
112536,0.32753354
112810,0.324267
112848,0.3330568
113161,0.3339473
114087,0.32454652
114550,0.31782794
114551,0.3271272
114746,0.31933686
114948,0.31223977
115178,0.35308373
115220,0.35165018
115335,0.32643226
115412,0.34917498
115568,0.31441534
115646,0.3685317
115686,0.3583264
115725,0.33629262
115763,0.33562836
115841,0.3131626
115865,0.32719913
115942,0.33096334
115980,0.31619385
115997,0.3404095
116076,0.36879674
116155,0.33098796
116507,0.33922338
116669,0.34225976
116709,0.31182033
116842,0.33746368
116864,0.34811565
117176,0.32267988
117565,0.32688686
117949,0.3669448
118214,0.35943374
119304,0.3460388
119600,0.31411716
120361,0.3300089
121998,0.3116245
122300,0.33617482
122491,0.32246724
122845,0.332448
122945,0.34044376
123040,0.33597326
123140,0.34663966
123235,0.31736618
123489,0.31097034
123545,0.3346577
123583,0.34346053
123622,0.3441623
123701,0.32352903
123778,0.35493436
123817,0.37100217
123858,0.35813877
125482,0.31035796
125970,0.32927096
126165,0.33648512
128417,0.32944325
128504,0.35288453
128526,0.3584184
128583,0.37671527
128604,0.38033715
128622,0.36444438
128643,0.39738217
129197,0.3237127
129488,0.31668407
129587,0.34073818
131072,0.3272763
131267,0.31026226
131462,0.3393572
131761,0.37814933
132308,0.31324098
132893,0.3239855
132932,0.31087875
135352,0.3223338
135836,0.32310456
136149,0.3102267
138300,0.32963157
138549,0.3275612
138588,0.33631754
138626,0.31588587
138666,0.31246817
138783,0.32224616
138804,0.3220304
138810,0.35255402
138821,0.33640862
138843,0.3455929
139180,0.3112631
139449,0.32069656
139738,0.3145734
139916,0.37651747
140128,0.3233976
140323,0.3218271
140405,0.35461566
140408,0.31988984
140446,0.34819654
140600,0.31538785
140641,0.32577968
140718,0.32244828
140756,0.325708
140799,0.311189
140896,0.31131652
140908,0.32405004
141103,0.31311786
141109,0.31611574
141298,0.3286064
141459,0.34887242
141493,0.3219371
141690,0.31694943
141885,0.32388183
141982,0.3261633
142071,0.31681684
142177,0.3438165
142372,0.33284113
142567,0.34070572
142762,0.3407948
142957,0.3385432
143056,0.40691087
143152,0.32769814
143247,0.37555438
143342,0.33999142
143446,0.33016387
143643,0.31908998
143734,0.38059044
143761,0.32577422
143838,0.32843554
144033,0.3249271
144228,0.31535336
144320,0.32240483
144420,0.35247257
144515,0.32755157
144618,0.32169208
144813,0.3299216
144909,0.3104971
145008,0.318775
145203,0.3381256
145398,0.31635308
145587,0.36411658
145595,0.3132994
145744,0.32298964
145790,0.31321618
145985,0.31697103
146180,0.31009868
146249,0.37347087
146289,0.31296033
146329,0.3419028
146375,0.3140496
146570,0.31833425
146960,0.3117836
146991,0.3357348
147155,0.32129484
147350,0.34533074
147387,0.33375615
147547,0.33751437
147663,0.36102986
147742,0.34313986
147838,0.3135135
147937,0.33934805
148033,0.3144018
148128,0.31551293
148129,0.3884409
148146,0.3119947
148167,0.33104184
148224,0.34272358
148324,0.3969466
148419,0.35798562
148519,0.3825305
148714,0.3856558
148909,0.3840764
149004,0.36196646
149104,0.38686535
149299,0.38875437
149396,0.36625898
149496,0.39275858
149694,0.33236668
149889,0.31707457
150609,0.31669134
150745,0.31397688
150863,0.3569568
151272,0.3786949
151390,0.37712237
151428,0.34777933
152627,0.3153967
152822,0.3105636
152975,0.3139155
153112,0.32739428
153347,0.31539267
153502,0.32487467
153604,0.31486055
153994,0.31355706
154680,0.33818793
155170,0.4846732
155463,0.36152303
157300,0.3133876
158284,0.31154954
158677,0.3555027
158715,0.4255481
158742,0.32049382
158860,0.32434547
158910,0.32424152
158979,0.3109929
158990,0.3701496
159067,0.38788727
159073,0.31243336
159187,0.3304725
159264,0.34786418
159282,0.33878526
159302,0.36367807
159320,0.3426433
159360,0.35028988
159382,0.41697586
159458,0.31109098
159497,0.315416
159577,0.36614612
159595,0.32756725
159615,0.36303142
159654,0.38057244
159672,0.37553424
159692,0.40174076
159710,0.37276393
159810,0.3364537
159887,0.34850338
159905,0.33435366
159926,0.33995214
159944,0.35272247
159967,0.40955773
159985,0.37617552
160005,0.4147913
160023,0.32541433
160041,0.32409966
160236,0.31692663
160277,0.40083167
160295,0.3786375
160316,0.38358945
160511,0.35633734
160647,0.33175907
161213,0.31530672
162188,0.31397337
162219,0.3175556
162383,0.31322688
162478,0.31189185
162578,0.3222674
162769,0.31185424
162773,0.31195337
162964,0.3108808
162968,0.31985036
163065,0.3259476
163165,0.3349162
163262,0.32328945
163360,0.33277228
163555,0.34078816
163585,0.31999373
163785,0.34359032
164236,0.3127422
164339,0.32566783
164418,0.31452954
164736,0.311376
165166,0.33073863
165167,0.3172671
165246,0.31314108
165323,0.33004734
165358,0.3122787
165515,0.31487525
165559,0.3162538
165633,0.33168688
165671,0.31913733
165704,0.31157586
165710,0.34226742
165716,0.31545976
165748,0.3405886
165943,0.35810575
166023,0.35845625
166094,0.31525964
166289,0.3205517
166484,0.31524056
166597,0.32794696
166679,0.31777474
167071,0.31495377
167266,0.3130709
167532,0.31259537
167656,0.3206894
167845,0.31920287
167851,0.3604423
168046,0.31896356
168143,0.34453997
168241,0.33405694
168338,0.33460915
168436,0.32126576
168533,0.32409385
168631,0.3301175
168702,0.3563326
168728,0.32654977
168820,0.3500067
168828,0.38195696
168899,0.3375808
168925,0.32155877
169017,0.32425374
169023,0.32068154
169120,0.3208569
169218,0.32504693
169407,0.31685355
169413,0.3428714
169484,0.38071063
169510,0.32934296
169608,0.32105613
169705,0.34905025
169803,0.3488305
169998,0.32078153
170069,0.37824428
170095,0.32809192
170193,0.34245425
170226,0.34689575
170288,0.32338518
170388,0.34004357
170485,0.33547884
170583,0.31705895
170680,0.32044175
170780,0.3350075
170877,0.31493187
170975,0.34478492
171072,0.31197646
171170,0.32399818
171365,0.33278272
171436,0.34129232
171554,0.33625737
171560,0.32207808
171755,0.36168677
171950,0.3562961
172047,0.32028067
172145,0.35368893
172178,0.32457808
172242,0.35397688
172340,0.35376745
172420,0.3359397
172438,0.3269674
172441,0.3380001
172461,0.33552817
172535,0.36052233
172615,0.40865228
172632,0.36573333
172694,0.414952
172730,0.3110119
172732,0.3488694
172748,0.3143484
172829,0.3421524
172927,0.35507724
173024,0.33894023
173116,0.31367654
173122,0.33807895
173219,0.35206485
173317,0.35893127
173414,0.35174465
173512,0.34937736
173609,0.3374221
173707,0.35121372
173804,0.33471692
173902,0.36279613
173999,0.33492208
174097,0.36752528
174194,0.35823396
174292,0.3596479
174389,0.3478924
174487,0.36890146
174584,0.35781348
174684,0.3239606
176055,0.31181735
176111,0.31632975
176244,0.33261916
176642,0.3153884
176837,0.32135418
177032,0.315455
177227,0.32291132
177264,0.33367923
177282,0.3506134
177344,0.31792668
177420,0.31967592
177557,0.31289354
177634,0.36022967
177714,0.3259986
180612,0.31887332
181019,0.35211918
181214,0.35203877
181409,0.35653782
181799,0.3585397
181804,0.3171244
182204,0.3108307
182225,0.35790265
185703,0.35482356
186588,0.34764507
186888,0.31572494
186978,0.34744275
187017,0.4037727
187097,0.37407836
187135,0.3936282
187212,0.34830627
187250,0.328104
187330,0.31591558
187368,0.41674203
187407,0.35936216
187421,0.3506445
187457,0.35474303
187462,0.31979713
187539,0.33112776
187578,0.32148883
187601,0.38825062
187652,0.32025522
187657,0.33240184
187696,0.32185355
187734,0.3293177
187766,0.32159996
187796,0.37192574
187811,0.32760614
187865,0.3102159
187968,0.33548188
188029,0.31037402
188042,0.34485054
188086,0.3131858
188156,0.3298363
188281,0.32262993
188354,0.31839725
188398,0.3122536
188734,0.37015954
188907,0.34364742
189329,0.31342804
189719,0.32135975
189914,0.32919332
189922,0.3339342
190109,0.32846442
190206,0.31318477
190306,0.34429705
190391,0.38055277
190394,0.36315578
190468,0.3232511
190501,0.35858086
190507,0.34057772
190545,0.35716006
190586,0.38641408
190598,0.3101203
190625,0.34997603
190663,0.32395408
190696,0.36125186
190702,0.35853016
190740,0.3593165
190793,0.31658515
190820,0.35024616
190891,0.34382367
190897,0.32404444
190976,0.35730085
191053,0.3287588
191086,0.3645156
191476,0.33403474
191671,0.31734306
191918,0.31587288
192061,0.31723943
192453,0.32348645
192550,0.32373497
192648,0.3165568
192843,0.31786907
192940,0.31396276
193233,0.31989047
193428,0.3234699
193525,0.32513425
193720,0.32898882
193818,0.32366002
193995,0.33396164
194013,0.336755
194110,0.3219128
194210,0.32315537
194307,0.31733283
194405,0.32659093
194502,0.34426606
194600,0.3112309
194892,0.36071035
194990,0.35346422
195087,0.35633495
195185,0.3539524
195282,0.40922955
195380,0.37942684
195477,0.34723958
195575,0.35341904
195672,0.3488419
195770,0.34748086
195867,0.345638
195965,0.3503257
196062,0.34860283
196162,0.35845423
196259,0.3435289
196357,0.3689203
196454,0.35612413
196552,0.3512038
196649,0.3275283
196747,0.34778973
196844,0.3407577
196942,0.34583956
197039,0.34197024
197137,0.36294147
197234,0.3439069
197332,0.349991
197429,0.33850846
197527,0.34750035
197624,0.35257798
197722,0.35735157
